,PAO,PAA,VIO,VIA,POT,LEC,RAI,PLP
AGRI,167.16766569786373,1.37,162.74016050994334,23.09360333128867,40.95413304545397,7.897569070355276,6.178826031791715,5.6700460557734225
SAAG,162.1685853595736,2.202318245506084,140.81412639826104,12.33,39.95449807894704,11.875951820479717,4.19,14.7312479876395
PRIN,119.17649445027855,6.01126677349762,69.0561965782099,56.00290200912766,38.9548631124401,4.913782007761947,13.172333371781534,40.62
CSUP,87.49,10.5,63.47,110.79,27.27,2.95,17.97,38.89445313928238
CMOY,103.17943736775015,5.059029641499736,68.05955866404253,76.9451829859343,31.957418346891544,3.919186320230837,11.174188417498728,29.833251207416303
EMPL,111.17796590901435,4.106792509501852,72.04611032071203,65.97541675998797,33.956688279905414,5.908377695293057,10.175115940357326,27.819650778112727
OUVR,130.17447119451683,3.154555377503968,76.03266197738155,52.01389610878354,42.95340297846785,6.902973382824166,7.177898508933118,15.738048202291287
INAC,138.17299973578102,6.963503905495504,116.894816458244,73.9534285606762,52.94975264353722,7.897569070355276,12.17326089464013,19.765249060898434
